Concern Name,DOSC,DOSM,CDC,CDO,SLOC
"ArduinoControl",0,000,0,855,1,10,128
"SensorEnum",0,000,0,671,1,3,16
"ActuatorEnum",0,000,0,671,1,3,18
"FeatureBase",0,000,0,867,1,8,29
"FeatureHelper",0,000,0,000,1,1,11
"AdaptableFeature",0,000,0,000,1,1,3
"UserWindowControl",0,000,0,752,1,6,35
"UserAirConditionerControl",0,000,0,752,1,6,36
"AutomatedWindowControl",0,000,0,826,1,8,41
"AutomatedAirConditionerControl",0,000,0,826,1,8,41
"UserWindowControlUI",0,000,0,360,1,3,126
"UserAirConditionerControlUI",0,000,0,360,1,3,126
"FeatureUIBase",0,000,0,649,1,3,16
"AutomatedWindowControlUI",0,000,0,425,1,4,127
"AutomatedAirConditionerControlUI",0,000,0,425,1,4,127
"Main",0,000,0,673,1,5,151
"HardwareControlTab",0,000,0,000,1,1,136
"FeatureControlTab",0,000,0,395,1,3,104
"AlternativeFeatureSelectionDialog",0,000,0,131,1,2,50
"TemperatureSensor",0,000,0,503,1,2,10
"Sensor",0,000,0,667,1,5,25
"Hardware",0,000,0,822,1,10,59
"AutomaticWindow",0,000,0,503,1,2,9
"AirConditioner",0,000,0,503,1,2,9
"Actuator",0,000,0,802,1,5,22
"Utils",0,000,0,378,1,2,9
"ListUtils",0,000,0,559,1,3,19
"HouseFacade",0,000,0,946,1,25,250
"AutomatedFeaturesRunnable",0,000,0,582,1,4,28
