Concern Name,DOSC,DOSM,CDC,CDO,SLOC
"ArduinoControl",0,000,0,854,1,10,128
"SensorEnum",0,000,0,670,1,3,16
"ActuatorEnum",0,000,0,670,1,3,18
"FeatureHelper",0,000,0,000,1,1,14
"FeatureBase",0,000,0,866,1,8,29
"UserIlumination",0,000,0,713,1,6,38
"PresenceIlusion",0,512,0,775,2,8,80
"PanicMode",0,512,0,761,2,7,60
"LockDoors",0,000,0,774,1,6,32
"AutomatedIluminationByPresence",0,000,0,825,1,8,39
"AutomatedIluminationByLuminosity",0,000,0,825,1,8,41
"AlarmAgainstRobbery",0,447,0,841,2,9,53
"UserIluminationUI",0,000,0,322,1,3,143
"PresenceIlusionUI",0,000,0,000,1,1,32
"PanicModeUI",0,000,0,000,1,1,33
"LockDoorsUI",0,000,0,360,1,3,126
"FeatureUIBase",0,000,0,648,1,3,16
"AutomatedIluminationByPresenceUI",0,000,0,433,1,4,124
"AutomatedIluminationByLuminosityUI",0,000,0,433,1,4,124
"AlarmAgainstRobberyUI",0,000,0,410,1,3,109
"Main",0,000,0,577,1,5,199
"HardwareControlTab",0,000,0,000,1,1,148
"ConsoleMain",0,000,0,000,1,1,16
"FeatureControlTab",0,000,0,425,1,3,131
"Sensor",0,000,0,666,1,5,25
"PresenceSensor",0,000,0,493,1,2,11
"LightSensor",0,000,0,503,1,2,9
"Led",0,000,0,503,1,2,8
"Hardware",0,000,0,821,1,10,59
"AutomaticDoor",0,000,0,503,1,2,10
"Alarm",0,000,0,503,1,2,8
"Actuator",0,000,0,801,1,5,22
"HouseFacade",0,000,0,945,1,26,239
"AdaptableFeature",0,000,0,000,1,1,3
"Utils",0,000,0,377,1,2,9
"ListUtils",0,000,0,558,1,3,19
"AutomatedFeaturesRunnable",0,000,0,582,1,4,28
