Concern Name,DOSC,DOSM,CDC,CDO,SLOC
"ArduinoControl",0,000,0,848,1,9,125
"ActuatorEnum",0,000,0,672,1,3,18
"AdaptableFeature",0,000,0,000,1,1,3
"FeatureHelper",0,000,0,000,1,1,11
"FeatureBase",0,000,0,868,1,8,29
"UserIlumination",0,000,0,714,1,6,38
"PresenceIlusion",0,518,0,777,2,8,80
"PanicMode",0,517,0,763,2,7,60
"AlarmAgainstRobbery",0,451,0,843,2,9,53
"UserIluminationUI",0,000,0,323,1,3,143
"PresenceIlusionUI",0,000,0,000,1,1,32
"PanicModeUI",0,000,0,000,1,1,33
"FeatureUIBase",0,000,0,650,1,3,16
"AlarmAgainstRobberyUI",0,000,0,411,1,3,109
"Main",0,000,0,641,1,5,131
"HardwareControlTab",0,000,0,000,1,1,104
"FeatureControlTab",0,000,0,426,1,3,131
"Led",0,000,0,504,1,2,8
"Hardware",0,000,0,822,1,10,59
"Alarm",0,000,0,504,1,2,8
"Actuator",0,000,0,803,1,5,22
"HouseFacade",0,000,0,959,1,26,203
"AutomatedFeaturesRunnable",0,000,0,583,1,4,28
"Utils",0,000,0,378,1,2,9
"ListUtils",0,000,0,559,1,3,19
