Concern Name,DOSC,DOSM,CDC,CDO,SLOC
"ArduinoControl",0,000,0,848,1,9,125
"ActuatorEnum",0,000,0,672,1,3,18
"FeatureHelper",0,000,0,000,1,1,12
"FeatureBase",0,000,0,867,1,8,29
"AdaptableFeature",0,000,0,000,1,1,3
"UserIlumination",0,000,0,714,1,6,38
"PresenceIlusion",0,516,0,776,2,8,80
"PanicMode",0,516,0,763,2,7,60
"LockDoors",0,000,0,775,1,6,32
"AlarmAgainstRobbery",0,450,0,842,2,9,53
"UserIluminationUI",0,000,0,323,1,3,143
"PresenceIlusionUI",0,000,0,000,1,1,32
"PanicModeUI",0,000,0,000,1,1,33
"LockDoorsUI",0,000,0,361,1,3,126
"FeatureUIBase",0,000,0,649,1,3,16
"AlarmAgainstRobberyUI",0,000,0,411,1,3,109
"Main",0,000,0,595,1,5,147
"HardwareControlTab",0,000,0,000,1,1,114
"FeatureControlTab",0,000,0,426,1,3,131
"Led",0,000,0,504,1,2,8
"Hardware",0,000,0,822,1,10,59
"AutomaticDoor",0,000,0,504,1,2,10
"Alarm",0,000,0,504,1,2,8
"Actuator",0,000,0,802,1,5,22
"HouseFacade",0,000,0,956,1,26,208
"AutomatedFeaturesRunnable",0,000,0,583,1,4,28
"Utils",0,000,0,378,1,2,9
"ListUtils",0,000,0,559,1,3,19
