Concern Name,DOSC,DOSM,CDC,CDO,SLOC
"ArduinoControl",0,000,0,856,1,10,128
"SensorEnum",0,000,0,672,1,3,16
"ActuatorEnum",0,000,0,672,1,3,18
"FeatureHelper",0,000,0,000,1,1,10
"FeatureBase",0,000,0,868,1,8,29
"AdaptableFeature",0,000,0,000,1,1,3
"UserIlumination",0,000,0,714,1,6,38
"AutomatedIluminationByPresence",0,000,0,826,1,8,39
"AutomatedIluminationByLuminosity",0,000,0,826,1,8,41
"UserIluminationUI",0,000,0,323,1,3,143
"FeatureUIBase",0,000,0,650,1,3,16
"AutomatedIluminationByPresenceUI",0,000,0,434,1,4,124
"AutomatedIluminationByLuminosityUI",0,000,0,434,1,4,124
"Main",0,000,0,690,1,5,115
"HardwareControlTab",0,000,0,000,1,1,131
"FeatureControlTab",0,000,0,473,1,3,114
"ConsoleMain",0,000,0,000,1,1,16
"Sensor",0,000,0,667,1,5,25
"PresenceSensor",0,000,0,494,1,2,11
"LightSensor",0,000,0,504,1,2,9
"Led",0,000,0,504,1,2,8
"Hardware",0,000,0,822,1,10,59
"Actuator",0,000,0,802,1,5,22
"HouseFacade",0,000,0,956,1,25,204
"AutomatedFeaturesRunnable",0,000,0,583,1,4,28
"Utils",0,000,0,378,1,2,9
"ListUtils",0,000,0,559,1,3,19
