<?xml version="1.0" encoding="UTF-8"?>
<project name="aop-metrics" default="all">

	<property name="dir.build" value="build" />
	<property name="dir.classes" value="${dir.build}/classes" />

	<property name="dir.dist" value="dist" />
	<property name="dir.libraries" value="C:\Users\W8\Desktop\Michelle\WorkspaceDSPL\SmartHomeRiSE_Release01_OO\libs" />
	<!-- alterar o diretorio em que suas libs estao-->
	<property name="dir.src" value="C:\Users\W8\Desktop\Michelle\WorkspaceDSPL\SmartHomeRiSE_Release01_OO\src" />
	<!-- alterar para o diretorio em que seu codigo fonte esta -->
	<property name="dir.testworkdir" value="${dir.build}/testworkdir" />

	<property name="version" value="0.2"/>

	<path id="classpath.common">
		<fileset dir="${dir.libraries}">
			<include name="*.jar" />
		</fileset>
	</path>
	<target name="all" depends="clean,run" description="Compiles, run tests and create distribution archives."/>

	<target name="clean">
		
	</target>

	<!-- inicio -->
		
		<target name="compile">
			<taskdef 
				      resource="org/aspectj/tools/ant/taskdefs/aspectjTaskdefs.properties">
				<classpath>
					<pathelement location="${dir.libraries}/aspectjtools-1.5.1.jar"/>
					<!-- alterar para o diretorio em que aspectjtools-1.5.1.jar esta -->
				</classpath>
			</taskdef>

			<mkdir dir="${dir.classes}" />
			<echo  message="passou por aqui..."> - ${ant.version} </echo>
			

		</target>
		
		<!-- fim -->

	<target name="compile-files" depends="" description="Task responsible for compile both AOP and OOP files into bytecode">
		<java classname="org.aspectj.tools.ajc.Main" fork="true">
			<arg file="src/*.*"/>
			<arg value="-d" />
			<arg value="${dir.classes}" />
			<classpath refid="classpath.common"/>
			
		</java>
	</target>

	<target name="jar" depends="compile" description="Creates JAR.">
		<jar destfile="${dir.build}/${ant.project.name}.jar">
			<fileset dir="${dir.classes}">
				<include name="**/*.class" />
			</fileset>
		</jar>

		<echo  message="passou por aqui..."> - ${ant.version} </echo>
	</target>

	<target name="run" depends="jar" description="Computes metrics on the project.">
		<taskdef name="aopmetrics" classname="org.tigris.aopmetrics.AopMetricsTask">
			<classpath refid="classpath.common"/>
			<classpath location="${dir.build}/${ant.project.name}.jar"/>
		</taskdef>

		<echo  message="passou por aqui..."> - ${ant.version} </echo>
		
		<aopmetrics workdir="${dir.testworkdir}" sourcelevel="1.5" export="xls"
				resultsfile="${dir.build}/aop-metrics-results.xls">
			<fileset dir="${dir.src}" includes="**/*.aj"/>
			<fileset dir="${dir.src}" includes="**/*.java"/>
			<classpath refid="classpath.common"/>
		</aopmetrics>

		<echo  message="passou por aqui..."> - ${ant.version} </echo>
		
	</target>

</project>
