Concern Name,DOSC,DOSM,CDC,CDO,SLOC
PresenceIlusion,0,523,0,778,2,8,80
UserIlumination,0,000,0,716,1,6,38
HouseFacade,0,000,0,959,1,25,191
AutomatedFeaturesRunnable,0,000,0,584,1,4,28
Utils,0,000,0,379,1,2,9
ListUtils,0,000,0,560,1,3,19
FeatureUIBase,0,000,0,651,1,3,16
UserIluminationUI,0,000,0,323,1,3,143
PresenceIlusionUI,0,000,0,000,1,1,32
FeatureHelper,0,000,0,000,1,1,9
FeatureBase,0,000,0,869,1,8,29
AdaptableFeature,0,000,0,000,1,1,3
ActuatorEnum,0,000,0,673,1,3,18
ArduinoControl,0,000,0,850,1,9,125
Main,0,000,0,677,1,5,81
HardwareControlTab,0,000,0,000,1,1,101
FeatureControlTab,0,000,0,474,1,3,114
Led,0,000,0,505,1,2,8
Hardware,0,000,0,824,1,10,59
AutomaticDoor,0,000,0,505,1,2,10
Actuator,0,000,0,804,1,5,22
