Concern Name,DOSC,DOSM,CDC,CDO,SLOC
"FeatureControlTab",0,000,0,445,1,3,124
"FeatureUIBase",0,000,0,651,1,3,16
"FeatureUIAspect",NaN,NaN,0,0,0
"PresenceIlusionUI",0,000,0,000,1,1,32
"UserIluminationUI",0,000,0,323,1,3,143
"FeaturesAspects",NaN,NaN,0,0,0
"PresenceIlusion",0,523,0,778,2,8,80
"UserIlumination",0,000,0,716,1,6,38
"AdaptableFeature",0,000,0,000,1,1,3
"FeatureBase",0,000,0,869,1,8,29
"FeatureHelper",0,000,0,000,1,1,9
"SensorEnum",0,000,0,673,1,3,16
"ActuatorEnum",0,000,0,673,1,3,18
"ArduinoControl",0,000,0,850,1,9,125
"Main",0,000,0,669,1,5,81
"HardwareControlTab",0,000,0,000,1,1,84
"Led",0,000,0,505,1,2,8
"Hardware",0,000,0,824,1,10,59
"Actuator",0,000,0,804,1,5,22
"AutomatedFeaturesRunnable",0,000,0,584,1,4,28
"HouseFacade",0,000,0,958,1,26,177
"Utils",0,000,0,379,1,2,9
"ListUtils",0,000,0,560,1,3,19
"HomeAspect",NaN,NaN,0,0,0
"PresenceIlusionThread",0,000,0,540,1,4,41
