Concern Name,DOSC,DOSM,CDC,CDO,SLOC
"ArduinoControl",0,000,0,853,1,10,128
"SensorEnum",0,000,0,670,1,3,16
"ActuatorEnum",0,000,0,670,1,3,18
"FeatureBase",0,000,0,865,1,8,29
"FeatureHelper",0,000,0,000,1,1,16
"AdaptableFeature",0,000,0,000,1,1,3
"UserWindowControl",0,000,0,750,1,6,35
"UserIlumination",0,000,0,712,1,6,38
"PresenceIlusion",0,511,0,775,2,8,80
"UserAirConditionerControl",0,000,0,750,1,6,36
"PanicMode",0,510,0,761,2,7,60
"LockDoors",0,000,0,773,1,6,32
"AutomatedIluminationByPresence",0,000,0,824,1,8,39
"AutomatedIluminationByLuminosity",0,000,0,824,1,8,41
"AlarmAgainstRobbery",0,445,0,840,2,9,53
"UserWindowControlUI",0,000,0,360,1,3,126
"UserIluminationUI",0,000,0,322,1,3,143
"UserAirConditionerControlUI",0,000,0,360,1,3,126
"PresenceIlusionUI",0,000,0,000,1,1,32
"PanicModeUI",0,000,0,000,1,1,33
"LockDoorsUI",0,000,0,360,1,3,126
"FeatureUIBase",0,000,0,648,1,3,16
"AutomatedIluminationByPresenceUI",0,000,0,433,1,4,124
"AutomatedIluminationByLuminosityUI",0,000,0,433,1,4,124
"AlarmAgainstRobberyUI",0,000,0,410,1,3,109
"Main",0,000,0,562,1,5,251
"HardwareControlTab",0,000,0,000,1,1,148
"FeatureControlTab",0,000,0,425,1,3,131
"ConsoleMain",0,000,0,000,1,1,16
"AlternativeFeatureSelectionDialog",0,000,0,130,1,2,50
"Sensor",0,000,0,665,1,5,25
"PresenceSensor",0,000,0,492,1,2,11
"LightSensor",0,000,0,503,1,2,9
"Actuator",0,000,0,800,1,5,22
"Hardware",0,000,0,820,1,10,59
"AutomaticWindow",0,000,0,503,1,2,9
"AutomaticDoor",0,000,0,503,1,2,10
"Alarm",0,000,0,503,1,2,8
"AirConditioner",0,000,0,503,1,2,9
"HouseFacade",0,000,0,940,1,27,290
"AutomatedFeaturesRunnable",0,000,0,581,1,4,28
"Utils",0,000,0,377,1,2,9
"ListUtils",0,000,0,557,1,3,19
"Led",0,000,0,503,1,2,8
